placeNumber,placeName,shortDetail,longDetail,websiteLink,googleMapLink,location,address,characteristics,openningHours,price
0,天王寺動物園,天王寺公園で特に人気の動物園。サバンナから熱帯雨林までさまざまな環境に生息する 200 種以上の動物たちを展示。,"天王寺動物園は、大阪市にある歴史ある動物園で、1915年に開園しました。総面積は約11ヘクタールあり、約180種類、1000頭以上の動物が飼育されています。園内はアフリカサバンナやアジアの森林など、動物たちの自然環境を再現したエリアが設けられ、動物の生態を身近に感じられるよう工夫されています。特に人気の高い動物は、ライオン、ゾウ、キリン、ホッキョクグマなどで、動物の食事タイムや触れ合いイベントも定期的に開催されています。また、天王寺公園に隣接しており、都会の中で自然と触れ合える癒しの場所としても親しまれています。",https://www.tennojizoo.jp/,"<iframe src=""https://www.google.com/maps/embed?pb=!1m18!1m12!1m3!1d3282.1428282254187!2d135.5084344!3d34.6510957!2m3!1f0!2f0!3f0!3m2!1i1024!2i768!4f13.1!3m3!1m2!1s0x6000ddf5c4955555%3A0x1a80ffc5f37ea293!2z5aSp546L5a-65YuV54mp5ZyS!5e0!3m2!1sja!2sjp!4v1728754437414!5m2!1sja!2sjp"" width=""800"" height=""600"" style=""border:0;"" allowfullscreen="""" loading=""lazy"" referrerpolicy=""no-referrer-when-downgrade""></iframe>",大阪府,〒543-0063 大阪府大阪市天王寺区茶臼山町１−１０８,動物園,"開園時間：9:30～17:00 　5・9月の土日祝日は～18:00　※いずれも入園は一時間前まで 休園日：月曜日（祝日の場合は翌日）、年末年始（12月29日～1月1日）",TRUE
1,万博記念公園,万博記念公園は大阪府に位置し、自然豊かな広大な敷地に太陽の塔や美しい日本庭園が広がる観光地です。,万博記念公園は、大阪府吹田市に位置し、1970年に開催された日本万国博覧会の会場跡地に作られた広大な公園です。シンボルである岡本太郎の「太陽の塔」を中心に、四季折々の自然が楽しめる日本庭園や、広々とした芝生広場、博物館、美術館などが点在し、家族連れからカップルまで幅広い層に人気のスポットです。また、季節ごとの花々が公園を彩り、春の桜や秋の紅葉など、訪れるたびに異なる美しさを楽しむことができます。リラックスや散策に最適な場所です。,https://www.expo70-park.jp/,"<iframe src=""https://www.google.com/maps/embed?pb=!1m18!1m12!1m3!1d6551.9942035001295!2d135.5262098753904!3d34.806014772882484!2m3!1f0!2f0!3f0!3m2!1i1024!2i768!4f13.1!3m3!1m2!1s0x6000fcb4a27adf27%3A0x66a0ea1cda80d2b4!2z5LiH5Y2a6KiY5b-15YWs5ZyS!5e0!3m2!1sja!2sjp!4v1729825561408!5m2!1sja!2sjp"" width=""800"" height=""600"" style=""border:0;"" allowfullscreen="""" loading=""lazy"" referrerpolicy=""no-referrer-when-downgrade""></iframe>",大阪府,〒565-0826 大阪府吹田市千里万博公園,公園,開館時：10:00～17:00  休館日：無休,TRUE
2,ユニバーサル・スタジオ・ジャパン,ユニバーサル・スタジオ・ジャパンは、大阪にある人気のテーマパークです。,ユニバーサル・スタジオ・ジャパン（USJ）は、大阪に位置する日本を代表するテーマパークです。映画やアニメ、ゲームをテーマにしたアトラクションが多数あり、特に「ハリー・ポッター」や「スーパーマリオ」のエリアが人気です。世界的に有名なキャラクターや映画の世界を体験できるだけでなく、季節ごとのイベントやショーも魅力的です。ファミリー、カップル、友人同士など、あらゆる年齢層が楽しめるスポットで、国内外から多くの観光客が訪れます。,https://www.usj.co.jp/web/ja/jp,"<iframe src=""https://www.google.com/maps/embed?pb=!1m18!1m12!1m3!1d3281.565411126531!2d135.42973821136115!3d34.665676772819296!2m3!1f0!2f0!3f0!3m2!1i1024!2i768!4f13.1!3m3!1m2!1s0x6000e0d083d5e25d%3A0x3605fe25303252aa!2z5pel5pys55Kw55CD5b2x5Z-O!5e0!3m2!1szh-TW!2sjp!4v1729832911913!5m2!1szh-TW!2sjp"" width=""800"" height=""600"" style=""border:0;"" allowfullscreen="""" loading=""lazy"" referrerpolicy=""no-referrer-when-downgrade""></iframe>",大阪府,〒554-0031 大阪府大阪市此花区桜島２丁目１−３３,遊園地,公式サイトで確認してください。,TRUE
3,大阪城天守閣,大阪城天守閣は、日本の歴史を感じられる名城で、展望台からは大阪市街を一望できます。,大阪城天守閣は、豊臣秀吉によって築かれた歴史的な名城で、日本の戦国時代を象徴する重要な建築物の一つです。現在の天守閣は再建されたものですが、内部は博物館になっており、大阪城や豊臣秀吉に関する展示が充実しています。最上階の展望台からは、大阪市内を一望できる絶景が広がり、特に桜の季節には城周辺の公園が美しい花で彩られ、多くの観光客が訪れます。大阪の歴史と文化を体感できる人気の観光スポットです。,https://www.osakacastle.net/,"<iframe src=""https://www.google.com/maps/embed?pb=!1m18!1m12!1m3!1d3280.7088819211576!2d135.52328021136202!3d34.68729617281152!2m3!1f0!2f0!3f0!3m2!1i1024!2i768!4f13.1!3m3!1m2!1s0x6000e0d2ba19f027%3A0x430e3c2bcd818ac1!2z5aSn6Ziq5Z-OIOWkqeWuiOmWow!5e0!3m2!1szh-TW!2sjp!4v1729833572613!5m2!1szh-TW!2sjp"" width=""800"" height=""600"" style=""border:0;"" allowfullscreen="""" loading=""lazy"" referrerpolicy=""no-referrer-when-downgrade""></iframe>",大阪府,〒540-0002 大阪府大阪市中央区大阪城１−１,建築,開園時間：9:00～17:00（入館は16:30まで） 　休館日：12月28日～1月1日,TRUE
4,京都水族館,京都水族館は、内陸に位置する珍しい水族館で、豊かな海や川の生態系を展示しています。,京都水族館は、内陸に位置しながらも、海や川の豊かな生態系をテーマにしたユニークな水族館です。日本の川を再現した「京の川」エリアや、アシカやペンギンの生態を観察できるエリアがあり、地域の自然環境や生物に焦点を当てた展示が特徴です。特に、国内でも珍しいオオサンショウウオの展示が注目されており、京都ならではの生物多様性を楽しむことができます。また、イルカショーや季節ごとのイベントも充実しており、子どもから大人まで楽しめるスポットです。,https://www.kyoto-aquarium.com/index.html,"<iframe src=""https://www.google.com/maps/embed?pb=!1m18!1m12!1m3!1d3280.708882117436!2d135.5258604847034!3d34.687296167858655!2m3!1f0!2f0!3f0!3m2!1i1024!2i768!4f13.1!3m3!1m2!1s0x6001061c0b78dc5d%3A0x5417da24aac74659!2z5Lqs6YO95rC05peP6aSo!5e0!3m2!1szh-TW!2sjp!4v1729833662853!5m2!1szh-TW!2sjp"" width=""800"" height=""600"" style=""border:0;"" allowfullscreen="""" loading=""lazy"" referrerpolicy=""no-referrer-when-downgrade""></iframe>",京都府,〒600-8835 京都府京都市下京区観喜寺町３５−１ 内 梅小路公園,水族館,公式サイトで確認してください。,TRUE
5,神戸ポートタワー,神戸ポートタワーは神戸港のシンボルで、360度のパノラマビューが楽しめる展望タワーです。,神戸ポートタワーは、神戸港のシンボル的存在であり、独特の曲線を持つ赤い外観が特徴の高さ108メートルの展望タワーです。展望台からは、神戸の市街地や港、六甲山系など、360度のパノラマビューを楽しむことができます。特に夜景が美しく、神戸の観光名所として多くの訪問者に人気があります。また、タワー内部には展示スペースやレストランがあり、神戸の文化や風景を一望しながら食事を楽しむことも可能です。,https://www.kobe-port-tower.com/,"<iframe src=""https://www.google.com/maps/embed?pb=!1m18!1m12!1m3!1d3280.8937895155027!2d135.18411921136186!3d34.68262997281325!2m3!1f0!2f0!3f0!3m2!1i1024!2i768!4f13.1!3m3!1m2!1s0x60008f0028e2e4c1%3A0xb7ee42d807a8ac82!2z56We5oi25riv5aGU!5e0!3m2!1szh-TW!2sjp!4v1729833712482!5m2!1szh-TW!2sjp"" width=""800"" height=""600"" style=""border:0;"" allowfullscreen="""" loading=""lazy"" referrerpolicy=""no-referrer-when-downgrade""></iframe>",神戶市,〒650-0042 兵庫県神戸市中央区波止場町５−５,建築,展望フロアの営業時間（最終入場22:30）　屋上デッキ／屋内展望エリア／ミュージアム／ギャラリー：09:00～23:00　回転カフェ＆バー：09:00～23:00（L.O.22:00）　ショップ：09:00～18:00,TRUE
6,京都鉄道博物館,京都鉄道博物館は、歴史的な車両や鉄道技術を展示し、鉄道ファンに人気の博物館です。,京都鉄道博物館は、日本の鉄道の歴史や技術を幅広く学べる博物館で、鉄道ファンや家族連れに人気のスポットです。館内には、明治時代から現代までの様々な歴史的な鉄道車両が展示されており、蒸気機関車や新幹線などを間近で見ることができます。また、シミュレーター体験や実際に動くSL（蒸気機関車）に乗車できるプログラムもあり、子どもから大人まで楽しめる内容です。鉄道の歴史や技術進化を深く理解できる、学びと楽しさが詰まった博物館です。,https://www.kyotorailwaymuseum.jp,"<iframe src=""https://www.google.com/maps/embed?pb=!1m18!1m12!1m3!1d3268.7830498866842!2d135.73969291137513!3d34.98709857270601!2m3!1f0!2f0!3f0!3m2!1i1024!2i768!4f13.1!3m3!1m2!1s0x6001061746adc243%3A0x899ffa889ace79ed!2z5Lqs6YO96ZC16YGT5Y2a54mp6aSo!5e0!3m2!1szh-TW!2sjp!4v1729836625866!5m2!1szh-TW!2sjp"" width=""800"" height=""600"" style=""border:0;"" allowfullscreen="""" loading=""lazy"" referrerpolicy=""no-referrer-when-downgrade""></iframe>",京都府,〒600-8835 京都府京都市下京区観喜寺町,博物館,開館時間：10:00～17:00（入館は16:30まで）　休館日：毎週水曜日・年末年始（12/30〜1/1）ほか　※祝日、春休み、夏休みなどは開館,TRUE
7,京都市京セラ美術館,京都市京セラ美術館は、歴史ある近代美術館で、京都の文化と芸術を展示しています。,京都市京セラ美術館は、1933年に開館した歴史的な美術館で、近代と現代の美術作品を展示しています。2020年に大規模なリニューアルを経て、新しい展示スペースやカフェ、ショップが追加され、現代の美術館として生まれ変わりました。館内では、日本の近代美術から現代アートまで幅広い作品が展示されており、特に京都ゆかりの芸術家たちの作品が見どころです。また、季節ごとの企画展や特別展も充実しており、京都の文化と芸術を体感できるスポットとして、多くの訪問者に親しまれています。,https://kyotocity-kyocera.museum/,"<iframe src=""https://www.google.com/maps/embed?pb=!1m18!1m12!1m3!1d949.9245162234952!2d135.78402762801713!3d35.0132654632861!2m3!1f0!2f0!3f0!3m2!1i1024!2i768!4f13.1!3m3!1m2!1s0x600108e69215a053%3A0x91db29e5357cac58!2z5Lqs6YO95biC5Lqs55O3576O6KGT6aSo!5e0!3m2!1szh-TW!2sjp!4v1729836657338!5m2!1szh-TW!2sjp"" width=""800"" height=""600"" style=""border:0;"" allowfullscreen="""" loading=""lazy"" referrerpolicy=""no-referrer-when-downgrade""></iframe>",京都府,〒606-8344 京都府京都市左京区岡崎円勝寺町１２４,美術館,開館時間：10:00～18:00　※最終入場時間は展覧会により異なります　休館日：月曜日 *祝・休日の場合は開館／年末年始（12月28日〜1月2日）,TRUE
8,哲学の道,哲学の道は、京都にある桜並木が美しい散策路で、静かな雰囲気が魅力の人気観光スポットです。,哲学の道は、京都市左京区に位置する約2キロメートルにわたる美しい散策路で、琵琶湖疏水に沿って桜並木が続いています。この道は、京都大学の哲学者・西田幾多郎が思索にふけりながら歩いたことから名付けられました。春には桜、秋には紅葉が楽しめるため、四季折々の自然美を求めて多くの観光客が訪れます。また、道沿いには南禅寺や銀閣寺などの名所があり、歴史と自然を同時に楽しむことができる京都を代表する散策スポットです。,https://tetsugakunomichi.jp/,"<iframe src=""https://www.google.com/maps/embed?pb=!1m18!1m12!1m3!1d9542.45079158256!2d135.78673938377796!3d35.02623590958114!2m3!1f0!2f0!3f0!3m2!1i1024!2i768!4f13.1!3m3!1m2!1s0x60010908ae94f057%3A0x917af331a75280f4!2z5ZOy5a245LmL6YGT!5e0!3m2!1szh-TW!2sjp!4v1729836685959!5m2!1szh-TW!2sjp"" width=""800"" height=""600"" style=""border:0;"" allowfullscreen="""" loading=""lazy"" referrerpolicy=""no-referrer-when-downgrade""></iframe>",京都府,〒606-8426 京都府京都市左京区,風景,無休,FALSE
9,京都府立植物園,京都府立植物園は、四季折々の花や植物が楽しめる広大な公園で、癒しのスポットとして親しまれています。,京都府立植物園は、1924年に開園した日本最古の公立植物園で、広さ24ヘクタールに及ぶ広大な敷地を誇ります。園内では、四季折々の花々や植物を楽しむことができ、特に春の桜や秋の紅葉は多くの訪問者を魅了します。温室には熱帯・亜熱帯の植物が展示され、珍しい植物を見ることができるのも魅力の一つです。また、庭園内にはバラ園やハーブ園など多彩なテーマガーデンがあり、自然を満喫しながら散策できる憩いの場として地元の人々や観光客に親しまれています。,https://www.kyotobotanicalgardens.jp/,"<iframe src=""https://www.google.com/maps/embed?pb=!1m18!1m12!1m3!1d3266.324824750902!2d135.7630378!3d35.048617199999995!2m3!1f0!2f0!3f0!3m2!1i1024!2i768!4f13.1!3m3!1m2!1s0x6001081b1979efd5%3A0x9bba6e81c2248ac5!2z5Lqs6YO95bqc56uL5qSN54mp5ZyS!5e0!3m2!1szh-TW!2sjp!4v1729836743223!5m2!1szh-TW!2sjp"" width=""800"" height=""600"" style=""border:0;"" allowfullscreen="""" loading=""lazy"" referrerpolicy=""no-referrer-when-downgrade""></iframe>",京都府,〒606-0823 京都府京都市左京区下鴨半木町,植物園,【開園時間】午前9時から午後5時まで（入園は午後4時まで） 【観覧温室開室時間】午前10時から午後4時まで（入室は午後3時30分まで） 観覧温室の昼夜逆転室は、11月から4月までの間は閉室します。 【休園日】12月28日から1月4日まで　※季節やイベントによって開園・開室時間が異なる場合があります,TRUE
10,神戸どうぶつ王国,神戸どうぶつ王国は、動物とのふれあいやショーが楽しめる、全天候型の動物テーマパークです。,神戸どうぶつ王国は、動物とのふれあいやショーが楽しめる、全天候型の動物テーマパークです。広大な温室内では、鳥やカピバラ、カンガルーなど、多種多様な動物たちが自然に近い環境で展示されています。訪問者は、動物たちに直接触れたり、餌をあげたりすることができ、特に子ども連れのファミリーに人気です。また、迫力満点のバードショーやアニマルショーも見どころの一つです。天候を気にせず楽しめるため、雨の日でも快適に過ごせるのが魅力です。,https://www.kobe-oukoku.com/,"<iframe src=""https://www.google.com/maps/embed?pb=!1m18!1m12!1m3!1d3282.00242961223!2d135.2199665113606!3d34.65464157282323!2m3!1f0!2f0!3f0!3m2!1i1024!2i768!4f13.1!3m3!1m2!1s0x600091f82316e69b%3A0x8ea652d596843c4!2z56We5oi25YuV54mp546L5ZyL!5e0!3m2!1szh-TW!2sjp!4v1729836761445!5m2!1szh-TW!2sjp"" width=""800"" height=""600"" style=""border:0;"" allowfullscreen="""" loading=""lazy"" referrerpolicy=""no-referrer-when-downgrade""></iframe>",神戶市,〒650-0047 兵庫県神戸市中央区港島南町７丁目１−９,動物園,開館時間：午前10時から午後5時まで（最終入園は午後4時30分）です。土日祝日は午前9時30分から午後5時まで営業しています。　休館日：毎週木曜日,TRUE
11,南京町,南京町は、神戸にある中華街で、多彩な中華料理や雑貨が楽しめる、異国情緒あふれる観光スポットです。,南京町は、神戸市中央区に位置する日本三大中華街の一つで、異国情緒あふれる観光スポットとして人気です。1868年の開港以来、華僑が集まり形成されたこのエリアには、狭い路地に中華料理店や中華食材店が軒を連ね、多彩な食文化を楽しむことができます。特に、食べ歩きが名物で、豚まんや餃子、春巻きなどの本格的な中華料理を気軽に味わうことができるのが魅力です。また、旧正月などには華やかなイベントが開催され、多くの観光客が訪れます。,https://www.nankinmachi.or.jp/,"<iframe src=""https://www.google.com/maps/embed?pb=!1m18!1m12!1m3!1d3280.6725006789943!2d135.1881104!3d34.688214200000004!2m3!1f0!2f0!3f0!3m2!1i1024!2i768!4f13.1!3m3!1m2!1s0x60008efdbdb0aa91%3A0x1d6f1801d67f1901!2z5Y2X5Lqs55S6!5e0!3m2!1sja!2sjp!4v1730853931819!5m2!1sja!2sjp"" width=""800"" height=""600"" style=""border:0;"" allowfullscreen="""" loading=""lazy"" referrerpolicy=""no-referrer-when-downgrade""></iframe>",神戶市,〒650-0023 兵庫県神戸市中央区栄町通１丁目３−１８,null,年中無休,FALSE
12,átoa,átoaは、神戸にあるデジタル技術とアートを融合した水族館で、独創的な展示と体験が楽しめます。,átoa（アトア）は、神戸にある新感覚の水族館で、デジタルアートと生きた海洋生物が融合した独創的な展示が特徴です。従来の水族館とは異なり、アートギャラリーのような美しい空間で、魚やクラゲなどがデジタル技術とともに演出され、幻想的な体験を提供します。各展示エリアごとに異なるテーマがあり、五感を刺激するアートと生物たちの共演を楽しむことができます。特に、インタラクティブな演出や光と音を駆使した展示が話題で、家族連れやカップルに人気のスポットです。,https://atoa-kobe.jp/,"<iframe src=""https://www.google.com/maps/embed?pb=!1m18!1m12!1m3!1d3280.870148800228!2d135.19104447652452!3d34.683226584148876!2m3!1f0!2f0!3f0!3m2!1i1024!2i768!4f13.1!3m3!1m2!1s0x60008fbda0afa7c1%3A0x8f7ee912ecb7c1d4!2z44Ki44OI44Ki!5e0!3m2!1sja!2sjp!4v1730853955964!5m2!1sja!2sjp"" width=""800"" height=""600"" style=""border:0;"" allowfullscreen="""" loading=""lazy"" referrerpolicy=""no-referrer-when-downgrade""></iframe>",神戶市,〒650-0041 兵庫県神戸市中央区新港町７−２,水族館,"開館時間：10:00-19:00／年中無休（最終入場は閉館の30分前まで）",TRUE
13,神戸布引ハーブ園／ロープウェイ,神戸布引ハーブ園／ロープウェイは、神戸の山中に広がる美しいハーブ園と絶景を楽しめるロープウェイが魅力です。,神戸布引ハーブ園／ロープウェイは、神戸の市街地からロープウェイでアクセスできる、日本最大級のハーブ園です。ロープウェイでは、港や市街地、自然豊かな六甲山の絶景を眺めながら約10分の空中散歩が楽しめます。園内には約200種のハーブや花々が植えられており、四季折々の美しい景観が広がります。また、ハーブを使った料理やリラクゼーション体験も充実しており、自然の中で癒しの時間を過ごすことができます。観光やデートにも人気のスポットです。,https://www.kobeherb.com/,"<iframe src=""https://www.google.com/maps/embed?pb=!1m18!1m12!1m3!1d3280.0298319175395!2d135.1938755!3d34.70442750000001!2m3!1f0!2f0!3f0!3m2!1i1024!2i768!4f13.1!3m3!1m2!1s0x60008ed15662aa59%3A0x825ca47fbd678f55!2z56We5oi45biD5byV44OP44O844OW5ZyS77yP44Ot44O844OX44Km44Kn44Kk!5e0!3m2!1sja!2sjp!4v1730854101669!5m2!1sja!2sjp"" width=""800"" height=""600"" style=""border:0;"" allowfullscreen="""" loading=""lazy"" referrerpolicy=""no-referrer-when-downgrade""></iframe>",神戶市,〒650-0002 兵庫県神戸市中央区北野町１丁目４−３,植物園,公式サイトで確認してください。,TRUE
14,兵庫県立美術館,兵庫県立美術館は、モダンアートを中心に展示する美術館で、神戸の海辺に位置し、建築も魅力的です。,兵庫県立美術館は、神戸市の海岸沿いに位置する美術館で、主にモダンアートを中心に展示しています。建築家・安藤忠雄氏が設計したモダンな建物も見どころの一つで、館内外の空間デザインが美術作品と調和しています。常設展では、日本や世界の近現代美術作品が展示され、企画展も定期的に開催されています。また、屋外には彫刻作品が展示されており、港の景色を楽しみながら芸術を鑑賞できます。美術ファンだけでなく、神戸の観光名所としても人気です。,https://www.artm.pref.hyogo.jp/,"<iframe src=""https://www.google.com/maps/embed?pb=!1m18!1m12!1m3!1d3280.2349540001683!2d135.21567887652498!3d34.69925338328908!2m3!1f0!2f0!3f0!3m2!1i1024!2i768!4f13.1!3m3!1m2!1s0x60008e86906eb067%3A0x828759978b8b47e2!2z5YW15bqr55yM56uL576O6KGT6aSo!5e0!3m2!1sja!2sjp!4v1730854176375!5m2!1sja!2sjp"" width=""800"" height=""600"" style=""border:0;"" allowfullscreen="""" loading=""lazy"" referrerpolicy=""no-referrer-when-downgrade""></iframe>",神戶市,〒651-0073 兵庫県神戸市中央区脇浜海岸通１丁目１−１,美術館,開館時間：10:00～18:00（入場は17:30まで）休館日：月曜日（祝休日の場合は翌日）、年末年始、メンテナンス休館,TRUE
15,花博記念公園鶴見緑地,花博記念公園 鶴見緑地は、大阪にある広大な公園で、四季折々の花や自然が楽しめる憩いの場です。,"花博記念公園 鶴見緑地は、大阪市鶴見区にある広大な都市公園で、1990年に開催された「国際花と緑の博覧会」（花博）を記念して整備されました。園内には、四季折々の美しい花々が咲き誇る庭園や、風車がシンボルの「風の丘」、日本庭園など、多彩なエリアがあります。また、バーベキュー施設やサイクリングコース、遊具広場なども完備されており、家族連れやピクニックに訪れる人々に人気です。都会の喧騒から離れ、自然を満喫できる憩いのスポットとして、多くの人に親しまれています。",https://www.tsurumi-ryokuchi.jp/,"<iframe src=""https://www.google.com/maps/embed?pb=!1m18!1m12!1m3!1d3279.736639861784!2d135.5724420766654!3d34.71182197291575!2m3!1f0!2f0!3f0!3m2!1i1024!2i768!4f13.1!3m3!1m2!1s0x6000e04887e1384d%3A0x3f52690c59d14beb!2z6Iqx5Y2a6KiY5b-15YWs5ZySIOm2tOimi-e3keWcsA!5e0!3m2!1sja!2sjp!4v1730854623566!5m2!1sja!2sjp"" width=""800"" height=""600"" style=""border:0;"" allowfullscreen="""" loading=""lazy"" referrerpolicy=""no-referrer-when-downgrade""></iframe>",大阪府,〒538-0036 大阪府大阪市鶴見区緑地公園２−１６３,公園,年中無休,FALSE
16,神戸海洋博物館,神戸海洋博物館は、神戸港の歴史や海洋文化を紹介する博物館で、帆船風の外観が特徴です。,神戸海洋博物館は、神戸港の歴史や日本の海洋文化を紹介する博物館で、帆船をイメージしたユニークな外観が特徴です。館内では、神戸港の発展や港湾技術、船舶の歴史について学べる展示が充実しており、模型や映像、実物資料などを通じて深く理解できる内容となっています。また、併設されている「カワサキワールド」では、川崎重工業の製品や歴史を紹介し、バイクや新幹線のシミュレーター体験も楽しめます。神戸港の魅力を再発見できる観光スポットとして、家族連れや観光客に人気です。,https://kobe-maritime-museum.com/,"<iframe src=""https://www.google.com/maps/embed?pb=!1m18!1m12!1m3!1d6561.782245534677!2d135.18574307666444!3d34.68269727292604!2m3!1f0!2f0!3f0!3m2!1i1024!2i768!4f13.1!3m3!1m2!1s0x60008effbed6f627%3A0x2a85589ad081715e!2z56We5oi45rW35rSL5Y2a54mp6aSo!5e0!3m2!1sja!2sjp!4v1730854899546!5m2!1sja!2sjp"" width=""800"" height=""600"" style=""border:0;"" allowfullscreen="""" loading=""lazy"" referrerpolicy=""no-referrer-when-downgrade""></iframe>",大阪府,〒650-0042 兵庫県神戸市中央区波止場町２−２,博物館,開館時間. 10時00分～18時00分（最終入館は17時30分まで)　休館日：月曜日,TRUE
17,大阪天満宮,大阪天満宮は、学問の神・菅原道真を祀る神社で、特に合格祈願で有名な歴史ある神社です。,大阪天満宮は、学問の神として知られる菅原道真公を祀る神社で、合格祈願や学業成就を願う参拝者に親しまれています。創建は10世紀に遡り、大阪の中心に位置する歴史ある神社です。毎年7月に開催される「天神祭」は、日本三大祭りの一つとして有名で、陸と川を舞台に華やかな神輿や船渡御が行われ、多くの人で賑わいます。境内は落ち着いた雰囲気で、受験生や観光客が多く訪れる一方、周囲には商店街やグルメスポットもあり、大阪の文化に触れることができます。,https://osakatemmangu.or.jp/,"<iframe src=""https://www.google.com/maps/embed?pb=!1m18!1m12!1m3!1d3280.36163497187!2d135.510080676665!3d34.69605757292129!2m3!1f0!2f0!3f0!3m2!1i1024!2i768!4f13.1!3m3!1m2!1s0x6000e6dba42a1cef%3A0xa135ef22a79f6eb2!2z5aSn6Ziq5aSp5rqA5a6u!5e0!3m2!1sja!2sjp!4v1730855278471!5m2!1sja!2sjp"" width=""800"" height=""600"" style=""border:0;"" allowfullscreen="""" loading=""lazy"" referrerpolicy=""no-referrer-when-downgrade""></iframe>",大阪府,〒530-0041 大阪府大阪市北区天神橋２丁目１−８,お寺,参拝時間：5：30～18：30（夏期）6：00～18：00（冬期）※ご祈祷・ご祈願受付時間　9：00～16：30,FALSE
18,滋賀県立琵琶湖博物館,滋賀県立琵琶湖博物館は、日本最大の湖・琵琶湖の自然や歴史を学べる博物館で、多彩な展示が魅力です。,滋賀県立琵琶湖博物館は、日本最大の湖である琵琶湖の自然や歴史、人との関わりをテーマにした博物館です。館内には、琵琶湖に生息する魚や植物の展示をはじめ、湖の形成史や地域の暮らしとの関わりを紹介するコーナーがあります。特に水族展示室では、琵琶湖固有の生物を間近で観察でき、学びと驚きが詰まった体験が可能です。また、実物の漁船展示やインタラクティブな展示も多く、子どもから大人まで楽しめます。琵琶湖について深く理解できる観光スポットとして、地元民や観光客に人気があります。,https://www.biwahaku.jp/,"<iframe src=""https://www.google.com/maps/embed?pb=!1m18!1m12!1m3!1d3371.8275721756904!2d135.93190386186166!3d35.07316624232537!2m3!1f0!2f0!3f0!3m2!1i1024!2i768!4f13.1!3m3!1m2!1s0x6001748c2b5d1c5d%3A0xdd0901c68f4c11b0!2z5ruL6LOA55yM56uL55C155C25rmW5Y2a54mp6aSo!5e0!3m2!1sja!2sjp!4v1730858807735!5m2!1sja!2sjp"" width=""800"" height=""600"" style=""border:0;"" allowfullscreen="""" loading=""lazy"" referrerpolicy=""no-referrer-when-downgrade""></iframe>",滋賀県,〒525-0001 滋賀県草津市下物町１０９１,博物館;水族館,開館時間：9時30分 - 17時00分（最終入館 16時00分）　休館日：毎週月曜日（休日の場合は開館）、その他臨時休館あり。,TRUE
19,ラ コリーナ近江八幡,ラ コリーナ近江八幡は、自然と調和した建築とスイーツが楽しめる、たねやグループのフラッグシップ店です。,ラ コリーナ近江八幡は、滋賀県近江八幡市に位置するたねやグループのフラッグシップ店で、自然と調和した美しい建築が特徴的です。広大な敷地内には草屋根が印象的なメインショップがあり、焼きたてのバームクーヘンをはじめ、たねややクラブハリエのスイーツを楽しむことができます。また、四季折々の景観が美しく、散策できる庭園や田園風景も見どころです。エコロジーと持続可能性をテーマにした設計が施され、訪れる人々に癒しと驚きを提供する人気の観光スポットとなっています。,https://taneya.jp/la_collina/,"<iframe src=""https://www.google.com/maps/embed?pb=!1m18!1m12!1m3!1d2734.463697980824!2d136.0888029330748!3d35.14924575755934!2m3!1f0!2f0!3f0!3m2!1i1024!2i768!4f13.1!3m3!1m2!1s0x6001799c015a68f7%3A0xee6919e95d42bbd2!2z44OpIOOCs-ODquODvOODiui_keaxn-WFq-W5oQ!5e0!3m2!1sja!2sjp!4v1730860162529!5m2!1sja!2sjp"" width=""800"" height=""600"" style=""border:0;"" allowfullscreen="""" loading=""lazy"" referrerpolicy=""no-referrer-when-downgrade""></iframe>",滋賀県,〒523-8533 滋賀県近江八幡市北之庄町６１５−１,建築,営業時間：9:00～18:00(カフェL.O.17:00） · 定休日：1月1日,FALSE
20,八幡堀,八幡堀は、滋賀県近江八幡市にある歴史的な運河で、江戸時代の風情ある景観が楽しめる観光名所です。,八幡堀は、滋賀県近江八幡市にある歴史的な運河で、江戸時代に商業の要として発展した場所です。かつてこの堀を使って物資が琵琶湖から京都、大阪へと運ばれ、近江商人の繁栄に重要な役割を果たしました。現在では、石畳や白壁の町並みが残り、昔ながらの風情を味わえる散策スポットとして人気です。春には桜が堀沿いを彩り、秋には紅葉が映えるため、四季折々の美しい景色が楽しめます。また、屋形船での遊覧もあり、歴史と自然を感じることができる観光名所です。,null,"<iframe src=""https://www.google.com/maps/embed?pb=!1m18!1m12!1m3!1d3262.678154511501!2d136.0873874766794!3d35.139704372766964!2m3!1f0!2f0!3f0!3m2!1i1024!2i768!4f13.1!3m3!1m2!1s0x6001799cab7f7a3d%3A0xe43cfda523faed96!2z5YWr5bmh5aCA!5e0!3m2!1sja!2sjp!4v1730860842096!5m2!1sja!2sjp"" width=""800"" height=""600"" style=""border:0;"" allowfullscreen="""" loading=""lazy"" referrerpolicy=""no-referrer-when-downgrade""></iframe>",滋賀県,〒523-0837 滋賀県近江八幡市大杉町,建築,年中無休,FALSE
21,清水寺,清水寺は、京都を代表する寺院で、壮大な舞台からの眺望や紅葉の美しさで有名な観光名所です。,清水寺は、京都市東山区に位置する日本を代表する仏教寺院で、778年に開創され、長い歴史を誇ります。本堂の舞台「清水の舞台」は有名で、断崖にせり出した構造から京都市内を一望でき、特に春の桜や秋の紅葉の時期には美しい景色が楽しめます。この舞台は釘を使わずに組み上げられた独特の建築技術で支えられています。また、恋愛成就のご利益があるとされる「音羽の滝」や、縁結びで知られる「地主神社」も境内にあり、多くの参拝者が訪れます。清水寺は世界遺産にも登録され、日本国内外から訪れる観光客に人気です。,https://www.kiyomizudera.or.jp/,"<iframe src=""https://www.google.com/maps/embed?pb=!1m18!1m12!1m3!1d209615.91666825805!2d135.48342010835665!3d34.824839084695874!2m3!1f0!2f0!3f0!3m2!1i1024!2i768!4f13.1!3m3!1m2!1s0x600108d385dcfb07%3A0x62af658650c434ba!2z5riF5rC05a-6!5e0!3m2!1sja!2sjp!4v1730860941517!5m2!1sja!2sjp"" width=""800"" height=""600"" style=""border:0;"" allowfullscreen="""" loading=""lazy"" referrerpolicy=""no-referrer-when-downgrade""></iframe>",京都府,〒605-0862 京都府京都市東山区清水１丁目２９４,お寺,拝観時間： 6：00開門～18：00閉門（7.8月は18：30閉門）,TRUE
22,住𠮷大社,住𠮷大社は、大阪にある歴史ある神社で、商売繁盛や厄除けのご利益で有名な「えべっさん」の総本社です。,住𠮷大社（すみよしたいしゃ）は、大阪市住吉区に位置する全国の住吉神社の総本社で、1800年以上の歴史を誇ります。海上安全、豊漁、商売繁盛、厄除けなどのご利益があるとされ、特に「えべっさん」として知られる商売繁盛の神様を祀る神社として有名です。境内には、反橋（太鼓橋）や国宝指定の住吉造の本殿など、見どころが豊富です。毎年1月に行われる「十日戎」では、多くの参拝者が福を求めて訪れ、にぎやかな縁起物市も開かれます。大阪の人々に親しまれる歴史ある神社です。,https://www.sumiyoshitaisha.net/,"<iframe src=""https://www.google.com/maps/embed?pb=!1m14!1m8!1m3!1d26269.395248806595!2d135.4814606!3d34.6123939!3m2!1i1024!2i768!4f13.1!3m3!1m2!1s0x6000e7bbc67c0001%3A0xa7f51dfe4d001f82!2z5L2P8KCut-Wkp-ekvg!5e0!3m2!1sja!2sjp!4v1730442019210!5m2!1sja!2sjp"" width=""800"" height=""600"" style=""border:0;"" allowfullscreen="""" loading=""lazy"" referrerpolicy=""no-referrer-when-downgrade""></iframe>",大阪府,〒558-0045 大阪府大阪市住吉区住吉２丁目９−８９,お寺,開門・閉門時間について · ・午前6時00分（4月～9月） · ・午前6時30分（10月～3月）※毎月一日と初辰日は午前6時00分開門.,FALSE
23,長居公園,長居公園は、大阪市にある広大な都市公園で、スポーツ施設や植物園、季節の花々が楽しめる憩いの場です。,長居公園は、大阪市住吉区にある広大な都市公園で、スポーツや自然観察が楽しめる多機能な公園です。園内には、陸上競技場やサッカースタジアムをはじめとするスポーツ施設が充実しており、大阪市のスポーツの拠点としても知られています。また、「大阪市立長居植物園」では、四季折々の花々や樹木が美しく、特に春の桜や秋の紅葉が人気です。さらに、自然史博物館も併設され、恐竜の化石や地質に関する展示が楽しめるため、子ども連れにも人気のスポットです。都市の中で自然と触れ合える憩いの場所です。,https://nagaipark.com/,"<iframe src=""https://www.google.com/maps/embed?pb=!1m14!1m8!1m3!1d26269.549801291978!2d135.49420266048477!3d34.611905480262166!3m2!1i1024!2i768!4f13.1!3m3!1m2!1s0x6000dc31d705eed5%3A0xe8dccc15e79f1d82!2z6ZW35bGF5YWs5ZyS!5e0!3m2!1sja!2sjp!4v1730442143779!5m2!1sja!2sjp"" width=""800"" height=""600"" style=""border:0;"" allowfullscreen="""" loading=""lazy"" referrerpolicy=""no-referrer-when-downgrade""></iframe>",大阪府,〒546-0034 大阪府大阪市東住吉区長居公園１−１,公園,年中無休,FALSE
24,道頓堀,道頓堀は、大阪の繁華街で、美味しいグルメや賑やかなネオン看板が並ぶ観光名所として有名です。,道頓堀は、大阪市中央区に位置する賑やかな繁華街で、観光客や地元の人々で常に賑わう大阪を代表するスポットです。道頓堀川沿いには、多くの飲食店やエンターテイメント施設が並び、たこ焼きやお好み焼き、串カツといった大阪名物のグルメが堪能できます。また、グリコのネオンサインや巨大なカニ看板など、個性的な看板が連なり、訪れる人々の写真スポットにもなっています。夜にはネオンが輝き、独特の活気あふれる雰囲気が魅力です。大阪文化を体感できる観光名所として国内外から人気を集めています。,http://www.dotonbori.or.jp/ja/,"<iframe src=""https://www.google.com/maps/embed?pb=!1m18!1m12!1m3!1d417495.6687336836!2d135.84251212581302!3d35.16447812252718!2m3!1f0!2f0!3f0!3m2!1i1024!2i768!4f13.1!3m3!1m2!1s0x6000e713818af9fd%3A0xb8bb1326b48ba590!2z6YGT6aCT5aCA!5e0!3m2!1sja!2sjp!4v1730442488297!5m2!1sja!2sjp"" width=""800"" height=""600"" style=""border:0;"" allowfullscreen="""" loading=""lazy"" referrerpolicy=""no-referrer-when-downgrade""></iframe>",大阪府,〒542-0071 大阪府大阪市中央区道頓堀１丁目,買い物,年中無休,FALSE
25,箕面公園,箕面公園は、大阪府箕面市にある自然豊かな公園で、箕面滝や紅葉の名所として知られるハイキングスポットです。,箕面公園は、大阪府箕面市に位置する自然豊かな公園で、四季折々の美しい風景が楽しめる人気のハイキングスポットです。公園内には、高さ33メートルの「箕面滝」があり、特に秋の紅葉シーズンには滝と紅葉が織りなす美しい景観が訪れる人々を魅了します。園内には遊歩道が整備されており、初心者でも歩きやすく、ゆったりと自然を楽しめます。また、箕面の名物である「もみじの天ぷら」も人気で、多くの観光客が訪れます。都会の喧騒を忘れ、リフレッシュできる癒しの場所です。,https://www.mino-park.jp/,"<iframe src=""https://www.google.com/maps/embed?pb=!1m18!1m12!1m3!1d60934.711838272684!2d135.49782562865457!3d34.825099892883074!2m3!1f0!2f0!3f0!3m2!1i1024!2i768!4f13.1!3m3!1m2!1s0x6000f98dcd18275b%3A0x11b23b2040fdbcea!2z566V6Z2i5YWs5ZyS!5e0!3m2!1sja!2sjp!4v1730442816981!5m2!1sja!2sjp"" width=""800"" height=""600"" style=""border:0;"" allowfullscreen="""" loading=""lazy"" referrerpolicy=""no-referrer-when-downgrade""></iframe>",大阪府,〒562-0002 大阪府箕面市箕面公園１−１８,自然,年中無休,FALSE
26,服部緑地,服部緑地は、大阪府豊中市にある広大な公園で、自然豊かな環境とバーベキュー施設などが楽しめる憩いの場です。,服部緑地は、大阪府豊中市に位置する広大な都市公園で、豊かな自然環境と充実したレジャー施設が特徴です。園内には広い芝生エリアがあり、ピクニックやスポーツを楽しむ家族連れやグループで賑わいます。また、バーベキュー施設があり、手ぶらでバーベキューが楽しめるため、人気のアウトドアスポットとなっています。さらに、四季折々の花が咲く「日本庭園」や、池の周りを散策できる「自然観察林」など、リラックスできるエリアも多彩です。都会の近くで自然に触れ、リフレッシュできる憩いの場所として親しまれています。,https://hattori-ryokuchi.com/,"<iframe src=""https://www.google.com/maps/embed?pb=!1m18!1m12!1m3!1d35906.374114042024!2d135.4887778659925!3d34.77569620005814!2m3!1f0!2f0!3f0!3m2!1i1024!2i768!4f13.1!3m3!1m2!1s0x6000e5285d34d759%3A0xbe22903495910b60!2z5pyN6YOo57eR5Zyw!5e0!3m2!1sja!2sjp!4v1730442889183!5m2!1sja!2sjp"" width=""800"" height=""600"" style=""border:0;"" allowfullscreen="""" loading=""lazy"" referrerpolicy=""no-referrer-when-downgrade""></iframe>",大阪府,〒561-0873 大阪府豊中市服部緑地１丁目１,公園,null,FALSE
27,姫路城,姫路城は、日本を代表する名城で「白鷺城」とも称される美しい外観と、歴史的価値で世界遺産に登録されています。,姫路城は、兵庫県姫路市に位置する日本を代表する名城で、国宝や世界遺産に登録されています。「白鷺城」とも呼ばれる白く美しい外観が特徴で、その優雅な姿から「日本一美しい城」と称されることも多いです。築城は14世紀に遡り、江戸時代に完成された現存天守は、戦火や自然災害を免れて今日まで残っています。複雑に設計された城内構造は防御力が高く、戦国時代の要塞としても機能しました。特に春の桜や秋の紅葉との調和が美しく、四季折々の風景が楽しめる観光スポットとして人気です。,https://www.city.himeji.lg.jp/castle/index.html,"<iframe src=""https://www.google.com/maps/embed?pb=!1m18!1m12!1m3!1d3274.6674321987807!2d134.68902842559334!3d34.83945330560123!2m3!1f0!2f0!3f0!3m2!1i1024!2i768!4f13.1!3m3!1m2!1s0x3554e003a23324b3%3A0x7a4f8c2f6eba81b1!2z5aer6Lev5Z-O!5e0!3m2!1sja!2sjp!4v1730444801262!5m2!1sja!2sjp"" width=""800"" height=""600"" style=""border:0;"" allowfullscreen="""" loading=""lazy"" referrerpolicy=""no-referrer-when-downgrade""></iframe>",姫路市,〒670-0012 兵庫県姫路市本町６８,建築,null,FALSE
28,北野異人館街,北野異人館街は、神戸にある異国情緒あふれるエリアで、明治期の洋館が立ち並ぶ観光スポットです。,北野異人館街は、神戸市中央区に位置する異国情緒あふれる観光エリアで、明治から大正時代にかけて建てられた洋館が立ち並ぶことで知られています。かつて外国人居留地として栄えたこのエリアには、当時の欧米建築を取り入れた異人館が多数残され、神戸の異文化交流の歴史を感じられます。特に有名な「風見鶏の館」や「うろこの家」などの洋館は一般公開され、インテリアや装飾が見どころです。坂道の街並みや異人館の独特な雰囲気が観光客に人気で、写真スポットとしても注目されています。,http://www.kobeijinkan.com/,"<iframe src=""https://www.google.com/maps/embed?pb=!1m18!1m12!1m3!1d3623.306663681844!2d135.19010009320328!3d34.699854386347106!2m3!1f0!2f0!3f0!3m2!1i1024!2i768!4f13.1!3m3!1m2!1s0x60008ee08a15a74f%3A0xcd6e2f1939ff057a!2z5YyX6YeO55Ww5Lq66aSo6KGX!5e0!3m2!1sja!2sjp!4v1730443168240!5m2!1sja!2sjp"" width=""800"" height=""600"" style=""border:0;"" allowfullscreen="""" loading=""lazy"" referrerpolicy=""no-referrer-when-downgrade""></iframe>",神戶市,〒650-0002 兵庫県神戸市中央区北野町,建築,null,FALSE
29,ニデック京都タワー,ニデック京都タワーは、京都駅前にそびえる展望タワーで、京都市街や山々の絶景が楽しめる人気の観光スポットです。,ニデック京都タワーは、京都駅前にそびえ立つシンボル的な展望タワーで、地上131メートルの高さから京都市内を一望できる観光スポットです。タワーの展望台からは、京都市街の歴史的な建造物や遠くに広がる山々が一望でき、晴れた日には遠くの比叡山や大阪方面まで見渡せることもあります。また、夜景も美しく、京都の夜を彩る絶好の観賞スポットとして人気です。館内にはレストランやショップ、ホテルも併設されており、観光やショッピング、食事が楽しめる複合施設として多くの観光客に親しまれています。,https://www.keihanhotels-resorts.co.jp/kyoto-tower/?utm_source=googlemb&utm_medium=KT,"<iframe src=""https://www.google.com/maps/embed?pb=!1m18!1m12!1m3!1d3268.76494045238!2d135.7567595621039!3d34.987552117652946!2m3!1f0!2f0!3f0!3m2!1i1024!2i768!4f13.1!3m3!1m2!1s0x600108afa856da77%3A0xec2916eeff97bfd4!2z44OL44OH44OD44Kv5Lqs6YO944K_44Ov44O8!5e0!3m2!1sja!2sjp!4v1730443315717!5m2!1sja!2sjp"" width=""800"" height=""600"" style=""border:0;"" allowfullscreen="""" loading=""lazy"" referrerpolicy=""no-referrer-when-downgrade""></iframe>",京都府,〒600-8216 京都府京都市下京区烏丸通七条下る東塩小路町７２１−１,建築,null,FALSE
30,東本願寺,東本願寺は、京都にある浄土真宗本願寺派の本山で、荘厳な建築と広大な境内が特徴の歴史ある寺院です。,東本願寺は、京都市下京区に位置する浄土真宗本願寺派の本山で、正式には「真宗本廟」と呼ばれる歴史ある寺院です。1602年に徳川家康の支援により建立され、浄土真宗の信仰の中心として多くの参拝者に親しまれています。境内には、広大な御影堂や阿弥陀堂などの重要文化財があり、木造建築としては日本最大級の規模を誇ります。また、豪華な装飾や細部にわたる職人技が施された建築美が見どころで、京都を代表する名所の一つです。法要や観光に訪れる人が多く、静かに祈りと歴史を感じることができる場所です。,http://www.higashihonganji.or.jp/,"<iframe src=""https://www.google.com/maps/embed?pb=!1m18!1m12!1m3!1d3268.667062711357!2d135.7565399535879!3d34.99000334535839!2m3!1f0!2f0!3f0!3m2!1i1024!2i768!4f13.1!3m3!1m2!1s0x600108a5b2ff6191%3A0x2def9c35f2f6c95a!2z5p2x5pys6aGY5a-6!5e0!3m2!1sja!2sjp!4v1730443583505!5m2!1sja!2sjp"" width=""800"" height=""600"" style=""border:0;"" allowfullscreen="""" loading=""lazy"" referrerpolicy=""no-referrer-when-downgrade""></iframe>",京都府,〒600-8505 京都府京都市下京区烏丸通七条上る,お寺,null,FALSE
31,梅小路公園,梅小路公園は、京都にある広大な公園で、緑豊かな自然や水族館、鉄道博物館が楽しめる人気スポットです。,梅小路公園は、京都市下京区に位置する広大な都市公園で、地元の人々や観光客に親しまれています。園内には広い芝生広場や日本庭園「朱雀の庭」があり、四季折々の自然を楽しみながらのんびりと過ごすことができます。また、園内には「京都水族館」や「京都鉄道博物館」も隣接しており、ファミリー層にも人気のスポットです。季節ごとにさまざまなイベントも開催され、特に春の桜や秋の紅葉の季節には美しい景観が広がります。ピクニックや散策に最適で、都会の中で自然と触れ合える憩いの場です。,http://www.kyoto-ga.jp/umekouji/index.html,"<iframe src=""https://www.google.com/maps/embed?pb=!1m18!1m12!1m3!1d5550.516189704301!2d135.74479891960502!3d34.988267914134624!2m3!1f0!2f0!3f0!3m2!1i1024!2i768!4f13.1!3m3!1m2!1s0x6001061bce8ed99b%3A0x32ad976c113178b6!2z5qKF5bCP6Lev5YWs5ZyS!5e0!3m2!1sja!2sjp!4v1730443658254!5m2!1sja!2sjp"" width=""800"" height=""600"" style=""border:0;"" allowfullscreen="""" loading=""lazy"" referrerpolicy=""no-referrer-when-downgrade""></iframe>",京都府,〒600-8836 京都府京都市下京区観喜寺町５６−３,公園,null,FALSE
32,金閣寺（鹿苑寺）,金閣寺は、京都にある美しい金箔の楼閣で、正式名は鹿苑寺。庭園とともに四季折々の景観が楽しめる名所です。,金閣寺（鹿苑寺）は、京都市北区にある臨済宗相国寺派の寺院で、その美しい金箔張りの楼閣が特徴です。正式には「鹿苑寺」といい、14世紀末に足利義満の別荘として建てられ、彼の死後に寺院として改められました。楼閣は三層構造で、各階ごとに異なる建築様式が用いられ、華やかな金箔が陽光を受けて輝き、水面に映る姿も見事です。庭園は日本の伝統的な池泉回遊式庭園で、春の桜、夏の新緑、秋の紅葉、冬の雪景色と、四季折々に異なる美しい景観が楽しめます。国内外から多くの観光客が訪れる京都を代表する名所です。,https://www.shokoku-ji.jp/kinkakuji/,"<iframe src=""https://www.google.com/maps/embed?pb=!1m18!1m12!1m3!1d46132.897692186816!2d135.69700976938014!3d35.01399635055319!2m3!1f0!2f0!3f0!3m2!1i1024!2i768!4f13.1!3m3!1m2!1s0x6001a820c0eb46bd%3A0xee4272b1c22645f!2z6YeR6Zaj5a-6!5e0!3m2!1sja!2sjp!4v1730443753628!5m2!1sja!2sjp"" width=""800"" height=""600"" style=""border:0;"" allowfullscreen="""" loading=""lazy"" referrerpolicy=""no-referrer-when-downgrade""></iframe>",京都府,〒603-8361 京都府京都市北区金閣寺町１,お寺,null,FALSE
33,銀閣寺（東山慈照寺）,銀閣寺（慈照寺）は、京都東山にある禅寺で、簡素で美しい銀閣と枯山水庭園が特徴の静かな名所です。,銀閣寺（正式名：東山慈照寺）は、京都市左京区に位置する禅宗寺院で、室町幕府8代将軍・足利義政によって1482年に建立されました。金閣寺を模して建てられましたが、銀箔は施されず、簡素で落ち着いた「わび・さび」の美学が反映された建築となっています。二層構造の「銀閣」は東求堂とともに国宝に指定され、枯山水庭園「銀沙灘」や「向月台」も見どころです。庭園は池泉回遊式で、四季折々の美しい景観を楽しむことができます。静かで上品な雰囲気が漂い、国内外から訪れる多くの観光客を魅了しています。,https://www.shokoku-ji.jp/ginkakuji/,"<iframe src=""https://www.google.com/maps/embed?pb=!1m18!1m12!1m3!1d2738.596828075926!2d135.79236880020252!3d35.02605979657778!2m3!1f0!2f0!3f0!3m2!1i1024!2i768!4f13.1!3m3!1m2!1s0x600109050b426fe1%3A0x258aca1ce888abc9!2z5p2x5bGx5oWI54Wn5a-6!5e0!3m2!1sja!2sjp!4v1730444426564!5m2!1sja!2sjp"" width=""800"" height=""600"" style=""border:0;"" allowfullscreen="""" loading=""lazy"" referrerpolicy=""no-referrer-when-downgrade""></iframe>",京都府,〒606-8402 京都府京都市左京区銀閣寺町２,お寺,null,FALSE
34,京都御苑,京都御苑は、京都市中心部に広がる広大な公園で、歴史的建造物や自然豊かな景観が楽しめる市民の憩いの場です。,京都御苑は、京都市中心部に位置する広大な敷地を誇る公園で、かつて天皇が住まわれた京都御所を囲む緑豊かなエリアです。苑内には、四季折々の花や樹木が楽しめる自然が広がり、春の桜や秋の紅葉の名所としても知られています。また、九条家や拾翠亭などの歴史的建造物も点在し、古都京都の歴史と文化を感じられる場所です。自由に散策できるため、地元の人々や観光客の憩いの場として親しまれています。静かな環境で、ジョギングや散歩、ピクニックを楽しむ人も多く訪れるスポットです。,https://kyotogyoen.go.jp/,"<iframe src=""https://www.google.com/maps/embed?pb=!1m18!1m12!1m3!1d13409.733025431051!2d135.76256233289868!3d35.0201127094518!2m3!1f0!2f0!3f0!3m2!1i1024!2i768!4f13.1!3m3!1m2!1s0x6001087b148e5f1d%3A0x1f8b7a1904610955!2z5Lqs6YO95b6h6IuR!5e0!3m2!1sja!2sjp!4v1730444559710!5m2!1sja!2sjp"" width=""800"" height=""600"" style=""border:0;"" allowfullscreen="""" loading=""lazy"" referrerpolicy=""no-referrer-when-downgrade""></iframe>",京都府,〒602-0881 京都府京都市上京区京都御苑３,建築,null,FALSE
35,南禅寺,南禅寺は、京都にある禅宗寺院で、広大な境内と壮大な三門、水路閣が見どころの名所です。,南禅寺は、京都市左京区に位置する臨済宗の大本山で、1291年に創建された禅寺です。広大な境内には、重要文化財に指定された三門（大門）や、禅宗寺院特有の静謐な雰囲気が漂っています。三門は、日本三大門の一つに数えられ、上層からは京都市街を一望できる絶景が広がります。境内内には「水路閣」と呼ばれるレンガ造りの水道橋があり、異国情緒ある風景が特徴で、訪れる人々に親しまれています。また、禅庭「虎の子渡しの庭」など、禅の精神が感じられる美しい庭園もあり、四季折々の自然が楽しめます。秋には紅葉の名所としても知られ、多くの観光客が訪れます。禅の修行を体感できる場所として、静かな時間を過ごすことができる京都の代表的な名刹です。,https://nanzenji.or.jp/,"<iframe src=""https://www.google.com/maps/embed?pb=!1m18!1m12!1m3!1d11241.92421852032!2d135.78617609998446!3d35.006613608315945!2m3!1f0!2f0!3f0!3m2!1i1024!2i768!4f13.1!3m3!1m2!1s0x600109217397fbfd%3A0x38b339a4c7e7004d!2z5Y2X56aF5a-6!5e0!3m2!1sja!2sjp!4v1730444607406!5m2!1sja!2sjp"" width=""800"" height=""600"" style=""border:0;"" allowfullscreen="""" loading=""lazy"" referrerpolicy=""no-referrer-when-downgrade""></iframe>",京都府,〒606-8435 京都府京都市左京区南禅寺福地町８６,お寺,null,FALSE
36,蹴上インクライン,蹴上インクラインは、京都の疎水沿いにある旧鉄道跡で、桜の名所として知られ、歴史的な雰囲気が魅力です。,蹴上インクラインは、京都市東山区にあるかつての船を運ぶための傾斜鉄道跡で、琵琶湖疎水の一部として1891年に完成しました。全長約582メートルのインクラインは、かつて琵琶湖から京都への物流を担っていましたが、現在は廃線となり、その軌道跡が残されています。特に春には線路沿いに約90本の桜が咲き誇り、桜のトンネルのような美しい景観が広がることで人気の観光スポットとなっています。歴史的な遺構と自然が融合した風景が楽しめる場所として、散策や写真撮影に訪れる人々で賑わいます。,http://www.city.kyoto.lg.jp/suido/page/0000007477.html,"<iframe src=""https://www.google.com/maps/embed?pb=!1m18!1m12!1m3!1d3267.8469022066033!2d135.78623767667517!3d35.010537372811356!2m3!1f0!2f0!3f0!3m2!1i1024!2i768!4f13.1!3m3!1m2!1s0x60010927468cc60b%3A0x36ffd94519c2ec12!2z6Lm05LiK44Kk44Oz44Kv44Op44Kk44Oz!5e0!3m2!1sja!2sjp!4v1730868478710!5m2!1sja!2sjp"" width=""800"" height=""600"" style=""border:0;"" allowfullscreen="""" loading=""lazy"" referrerpolicy=""no-referrer-when-downgrade""></iframe>",京都府,〒606-8435 京都府京都市東山区東小物座町３３９,建築;自然,null,FALSE
37,姫路市立美術館,姫路市立美術館は、姫路城近くにある美術館で、赤レンガの建物と国内外の近代美術作品が魅力です。,姫路市立美術館は、姫路城のすぐ近くに位置し、赤レンガ造りの美しい建物が特徴の美術館です。1930年代に建てられた旧陸軍の兵器庫を改装して1983年に開館し、国内外の近現代美術作品を中心に展示しています。館内では、日本の近代洋画や版画、彫刻などの常設展に加え、国内外の多様なアートを紹介する企画展も開催されています。また、敷地内には庭園も整備されており、歴史とアートが融合した静かな環境の中で芸術鑑賞が楽しめます。観光名所の姫路城とともに訪れる人が多く、地元の文化スポットとしても親しまれています。,http://www.city.himeji.lg.jp/art/,"<iframe src=""https://www.google.com/maps/embed?pb=!1m18!1m12!1m3!1d3274.670081851994!2d134.6965097!3d34.8393867!2m3!1f0!2f0!3f0!3m2!1i1024!2i768!4f13.1!3m3!1m2!1s0x3554e00195b9a7cb%3A0xea1a0b1594f658b3!2z5aer6Lev5biC56uL576O6KGT6aSo!5e0!3m2!1sja!2sjp!4v1730868517860!5m2!1sja!2sjp"" width=""800"" height=""600"" style=""border:0;"" allowfullscreen="""" loading=""lazy"" referrerpolicy=""no-referrer-when-downgrade""></iframe>",姫路市,〒670-0012 兵庫県姫路市本町６８−２５,美術館,null,FALSE
38,兵庫県立歴史博物館,兵庫県立歴史博物館は、姫路にある博物館で、兵庫の歴史や文化を多彩な展示や資料で学べる施設です。,兵庫県立歴史博物館は、姫路市に位置し、兵庫県の歴史や文化を幅広く学べる博物館です。姫路城の近くにあり、県内の考古資料や民俗資料、古文書など、多彩な展示物が揃っています。常設展では、兵庫の先史時代から現代に至るまでの歴史を、実物資料や模型、映像を使ってわかりやすく紹介しています。また、体験型の展示も充実しており、歴史に触れながら楽しく学べる工夫がされています。特別展やワークショップも定期的に開催され、地元の人々や観光客に親しまれる文化スポットとなっています。,https://rekihaku.pref.hyogo.lg.jp/,"<iframe src=""https://www.google.com/maps/embed?pb=!1m18!1m12!1m3!1d3274.5960046221994!2d134.69433147666953!3d34.8412487728702!2m3!1f0!2f0!3f0!3m2!1i1024!2i768!4f13.1!3m3!1m2!1s0x3554e004eb00f9e5%3A0x1b9a26078dcfc0da!2z5YW15bqr55yM56uL5q205Y-y5Y2a54mp6aSo!5e0!3m2!1sja!2sjp!4v1730868548763!5m2!1sja!2sjp"" width=""800"" height=""600"" style=""border:0;"" allowfullscreen="""" loading=""lazy"" referrerpolicy=""no-referrer-when-downgrade""></iframe>",姫路市,〒670-0012 兵庫県姫路市本町６８,博物館,null,FALSE
39,天保山大観覧車,天保山大観覧車は、大阪にある日本最大級の観覧車で、美しい夜景や大阪湾の絶景が楽しめる人気スポットです。,天保山大観覧車は、大阪市港区に位置する日本最大級の観覧車で、高さは112.5メートルを誇ります。海遊館や天保山マーケットプレースと隣接しており、観光地としても人気です。観覧車からは大阪湾をはじめ、神戸方面や関西国際空港、大阪市街地などが一望でき、昼は遠くまで見渡せる絶景、夜には美しい夜景が広がります。また、ライトアップが施され、季節ごとに異なるイルミネーションが楽しめるため、デートスポットとしても有名です。晴れた日には絶景、夜はロマンチックな雰囲気を味わえる観光名所です。,http://tempozan-kanransya.com/tempozan-kanransya.com/,"<iframe src=""https://www.google.com/maps/embed?pb=!1m18!1m12!1m3!1d3281.938004437175!2d135.42839097666365!3d34.65626857293531!2m3!1f0!2f0!3f0!3m2!1i1024!2i768!4f13.1!3m3!1m2!1s0x6000e88b5561e543%3A0xfe7be2a424a0c226!2z5aSp5L-d5bGx5aSn6Kaz6Kan6LuK!5e0!3m2!1sja!2sjp!4v1730868590248!5m2!1sja!2sjp"" width=""800"" height=""600"" style=""border:0;"" allowfullscreen="""" loading=""lazy"" referrerpolicy=""no-referrer-when-downgrade""></iframe>",大阪府,〒552-0022 大阪府大阪市港区海岸通１丁目１−１０,建築,null,FALSE
40,海遊館,海遊館は、大阪にある世界最大級の水族館で、太平洋を再現した大水槽や多彩な海洋生物が楽しめます。,海遊館は、大阪市港区にある世界最大級の水族館で、太平洋をテーマにした迫力ある展示が魅力です。館内には、高さ9メートルを超える大水槽「太平洋」を中心に、ジンベエザメやマンタなど、多彩な海洋生物が悠々と泳ぐ姿を間近で観察できます。また、熱帯雨林や南極のエリアなど、世界の異なる海域を再現した展示が広がり、さまざまな生態系を学べる構成となっています。子どもから大人まで楽しめる体験型の展示も多く、海や自然環境について深く理解できる学びの場です。関西を代表する観光スポットとして、国内外から多くの来館者が訪れます。,https://www.kaiyukan.com/,"<iframe src=""https://www.google.com/maps/embed?pb=!1m18!1m12!1m3!1d3282.0073158341816!2d135.42638957666364!3d34.65451817293603!2m3!1f0!2f0!3f0!3m2!1i1024!2i768!4f13.1!3m3!1m2!1s0x6000e8f48c0da9cd%3A0x6f83c520ae082ccc!2z5rW36YGK6aSo!5e0!3m2!1sja!2sjp!4v1730868666890!5m2!1sja!2sjp"" width=""800"" height=""600"" style=""border:0;"" allowfullscreen="""" loading=""lazy"" referrerpolicy=""no-referrer-when-downgrade""></iframe>",大阪府,〒552-0022 大阪府大阪市港区海岸通１丁目１−１０,水族館,null,FALSE
41,生駒山上遊園地,生駒山上遊園地は、生駒山の山頂にある遊園地で、家族向けのアトラクションや美しい夜景が楽しめます。,生駒山上遊園地は、奈良県と大阪府にまたがる生駒山の山頂に位置する遊園地で、家族連れやカップルに人気のスポットです。標高642メートルにあるため、関西一円を見渡せる絶景が楽しめ、特に夜景は美しく「日本夜景遺産」にも選ばれています。遊園地内には、観覧車やジェットコースター、メリーゴーランドなど、子どもから大人まで楽しめるアトラクションが揃い、レトロな雰囲気が魅力です。季節ごとにイルミネーションやイベントも開催され、関西の自然と共に遊べる貴重なスポットとして、多くの人々に親しまれています。,http://www.ikomasanjou.com/,"<iframe src=""https://www.google.com/maps/embed?pb=!1m18!1m12!1m3!1d3281.0289780905223!2d135.6791714!3d34.6792181!2m3!1f0!2f0!3f0!3m2!1i1024!2i768!4f13.1!3m3!1m2!1s0x600123d935127b33%3A0x7387f7b7a9805fe0!2z55Sf6aeS5bGx5LiK6YGK5ZyS5Zyw!5e0!3m2!1sja!2sjp!4v1730868832799!5m2!1sja!2sjp"" width=""800"" height=""600"" style=""border:0;"" allowfullscreen="""" loading=""lazy"" referrerpolicy=""no-referrer-when-downgrade""></iframe>",奈良県,〒630-0231 奈良県生駒市菜畑町２３１２−１,遊園地,null,FALSE
42,奈良公園,奈良公園は、奈良市にある広大な公園で、自由に歩く鹿や歴史的な寺社が点在する観光名所です。,奈良公園は、奈良市の中心に広がる広大な公園で、奈良を代表する観光名所です。約500ヘクタールの敷地には、東大寺や興福寺、春日大社といった歴史的な寺社が点在しており、日本の古都の歴史と文化を感じられる場所です。奈良公園の象徴ともいえるのが、自由に歩き回る鹿たちで、古くから春日大社の神使として大切にされてきました。観光客は鹿せんべいを与えることができ、鹿とのふれあいも楽しめます。四季折々の美しい景観と、日本の歴史的遺産を体感できるため、国内外から多くの人が訪れる人気スポットです。,https://www3.pref.nara.jp/park/,"<iframe src=""https://www.google.com/maps/embed?pb=!1m18!1m12!1m3!1d3280.7980137234913!2d135.84043707666447!3d34.685046972925136!2m3!1f0!2f0!3f0!3m2!1i1024!2i768!4f13.1!3m3!1m2!1s0x60013996bd8c6061%3A0xf96cacf357447456!2z5aWI6Imv5YWs5ZyS!5e0!3m2!1sja!2sjp!4v1730868917910!5m2!1sja!2sjp"" width=""800"" height=""600"" style=""border:0;"" allowfullscreen="""" loading=""lazy"" referrerpolicy=""no-referrer-when-downgrade""></iframe>",奈良県,〒630-8211 奈良県奈良市雑司町４３４,公園,null,FALSE
43,春日大社,春日大社は、奈良にある歴史的な神社で、朱色の社殿や鹿、千以上の石灯籠が美しい世界遺産です。,春日大社は、奈良市に位置する日本を代表する古社で、768年に創建されました。藤原氏の氏神を祀る神社として建立され、約1300年の歴史を誇ります。朱色に彩られた美しい社殿と、参道沿いに並ぶ約2000基の石灯籠や無数の釣灯籠が特徴的で、神秘的な雰囲気を醸し出しています。春日山原始林の緑と社殿の朱色が調和し、四季折々の風景も魅力です。また、神使とされる鹿が境内を自由に歩き回り、訪れる人々を出迎えます。世界遺産にも登録され、日本の歴史や文化を感じられる場所として、多くの参拝者や観光客が訪れます。,http://www.kasugataisha.or.jp/,"<iframe src=""https://www.google.com/maps/embed?pb=!1m18!1m12!1m3!1d3280.9367658586484!2d135.84589697666436!3d34.68154537292643!2m3!1f0!2f0!3f0!3m2!1i1024!2i768!4f13.1!3m3!1m2!1s0x600139c06bb06ad5%3A0x4c97e78382e39596!2z5pil5pel5aSn56S-!5e0!3m2!1sja!2sjp!4v1730868967542!5m2!1sja!2sjp"" width=""800"" height=""600"" style=""border:0;"" allowfullscreen="""" loading=""lazy"" referrerpolicy=""no-referrer-when-downgrade""></iframe>",奈良県,〒630-8212 奈良県奈良市春日野町１６０,お寺,null,FALSE
44,若草山,若草山は、奈良市にある三重の山で、美しい芝生と鹿が特徴。山頂からは奈良市街を一望できる絶景スポットです。,若草山は、奈良市の東部に位置する三重の山で、美しい芝生に覆われ、奈良の風景と鹿とのふれあいが楽しめるスポットとして知られています。標高342メートルの山頂からは奈良市街を一望でき、特に夕方や夜の景色が美しく、奈良の絶景ポイントとして人気です。毎年1月には「若草山焼き」と呼ばれる伝統行事が行われ、山全体が炎に包まれる幻想的な風景が広がります。春には桜、秋には紅葉と、四季折々の自然美も楽しめるため、観光やハイキングに訪れる人々に親しまれている奈良の名所です。,http://www3.pref.nara.jp/park/item/2585.htm,"<iframe src=""https://www.google.com/maps/embed?pb=!1m18!1m12!1m3!1d3280.577198884781!2d135.85402209999992!3d34.69061890000001!2m3!1f0!2f0!3f0!3m2!1i1024!2i768!4f13.1!3m3!1m2!1s0x600139bbcd63548d%3A0x1f687ca8591106f1!2z6Iul6I2J5bGx!5e0!3m2!1sja!2sjp!4v1730869095582!5m2!1sja!2sjp"" width=""800"" height=""600"" style=""border:0;"" allowfullscreen="""" loading=""lazy"" referrerpolicy=""no-referrer-when-downgrade""></iframe>",奈良県,〒630-8211 奈良県奈良市春日野町,自然,null,FALSE
45,橿原神宮,橿原神宮は、奈良県橿原市にある神武天皇を祀る神社で、広大な敷地と美しい自然が魅力の歴史的な神社です。,橿原神宮は、奈良県橿原市に位置し、日本の初代天皇である神武天皇を祀る由緒ある神社です。創建は明治時代で、日本建国の地とされる場所に建立されました。広大な敷地を持ち、立派な鳥居や伝統的な本殿があり、厳かな雰囲気が漂います。また、神宮周辺には池や庭園が整備され、四季折々の自然も楽しめることから、初詣や七五三など、多くの参拝者が訪れます。毎年2月には建国記念祭が行われ、全国から参拝客が集まる人気の行事となっています。歴史と自然が調和した奈良の名所です。,https://kashiharajingu.or.jp/,"<iframe src=""https://www.google.com/maps/embed?pb=!1m18!1m12!1m3!1d3288.570114139274!2d135.78379077665818!3d34.488428172995754!2m3!1f0!2f0!3f0!3m2!1i1024!2i768!4f13.1!3m3!1m2!1s0x6006cd2943a512e9%3A0x39c5888dab929d3!2z5qm_5Y6f56We5a6u!5e0!3m2!1sja!2sjp!4v1730869122267!5m2!1sja!2sjp"" width=""800"" height=""600"" style=""border:0;"" allowfullscreen="""" loading=""lazy"" referrerpolicy=""no-referrer-when-downgrade""></iframe>",奈良県,〒634-8550 奈良県橿原市久米町９３４,お寺,null,FALSE
46,ニンテンドーミュージアム,ニンテンドーミュージアムは、任天堂の歴史やゲームを体験できる京都の新スポットで、ファンに人気です。,ニンテンドーミュージアムは、京都府宇治市にオープン予定の任天堂の公式ミュージアムで、同社の歴史や代表的なゲーム、キャラクターに関する展示が楽しめる施設です。ミュージアムでは、任天堂がこれまでに手掛けたさまざまなゲームやハードウェアが展示され、訪れる人はその進化を体験できます。また、インタラクティブなコーナーや特別なイベントも予定されており、子どもから大人まで楽しめる内容が充実しています。日本発のゲーム文化を深く知り、楽しむことができる新たな観光名所として、国内外のファンから注目を集めています。,https://museum.nintendo.com/,"<iframe src=""https://www.google.com/maps/embed?pb=!1m18!1m12!1m3!1d3272.543858728395!2d135.78159107667142!3d34.892798872852005!2m3!1f0!2f0!3f0!3m2!1i1024!2i768!4f13.1!3m3!1m2!1s0x60011188b83087d3%3A0x646fdf4a68b62b4d!2z44OL44Oz44OG44Oz44OJ44O844Of44Ol44O844K444Ki44Og!5e0!3m2!1sja!2sjp!4v1730869148213!5m2!1sja!2sjp"" width=""800"" height=""600"" style=""border:0;"" allowfullscreen="""" loading=""lazy"" referrerpolicy=""no-referrer-when-downgrade""></iframe>",京都府,〒611-0042 京都府宇治市小倉町神楽田５６,博物館,null,FALSE
47,平等院,平等院は、京都宇治市にある古代の阿弥陀堂で、鳳凰堂と庭園が美しく、世界遺産にも登録されています。,平等院は、京都府宇治市にある歴史的な寺院で、藤原頼通が1052年に建立しました。特に有名なのが「鳳凰堂」で、阿弥陀如来を祀るこの建物は、平安時代の貴族文化を象徴する優雅な建築です。鳳凰が翼を広げたような形状が特徴で、その美しい姿は10円硬貨の図案にも採用されています。また、池泉庭園に囲まれた堂々たる姿が水面に映り、四季折々の景観を楽しむことができます。1994年にはユネスコの世界遺産に登録され、日本の古代美を体感できる名所として、国内外から多くの観光客が訪れます。,https://www.byodoin.or.jp/,"<iframe src=""https://www.google.com/maps/embed?pb=!1m18!1m12!1m3!1d3272.68359588554!2d135.80510337667116!3d34.88929077285327!2m3!1f0!2f0!3f0!3m2!1i1024!2i768!4f13.1!3m3!1m2!1s0x6001110ce0da2bab%3A0x608414938ffa07a4!2z5bmz562J6Zmi!5e0!3m2!1sja!2sjp!4v1730869271087!5m2!1sja!2sjp"" width=""800"" height=""600"" style=""border:0;"" allowfullscreen="""" loading=""lazy"" referrerpolicy=""no-referrer-when-downgrade""></iframe>",京都府,〒611-0021 京都府宇治市宇治蓮華１１６,お寺,null,FALSE
48,宇治市源氏物語ミュージアム,宇治市源氏物語ミュージアムは、平安文学『源氏物語』の世界を体感できる、宇治市にある文学博物館です。,宇治市源氏物語ミュージアムは、平安文学の傑作『源氏物語』をテーマにした博物館で、物語の舞台となった宇治市にあります。館内には、物語の後半「宇治十帖」を中心に、平安時代の貴族文化や宇治の風景を再現した展示があり、訪れる人は作品の世界を体感できます。平安衣装の展示や、物語に登場する場面を再現したジオラマ、映像シアターなど、インタラクティブな展示が充実しており、文学の魅力をわかりやすく楽しめます。また、宇治の歴史や風土について学ぶこともでき、『源氏物語』ファンや歴史好きに人気のスポットです。,https://www.city.uji.kyoto.jp/site/genji/,"<iframe src=""https://www.google.com/maps/embed?pb=!1m18!1m12!1m3!1d3272.5042587928306!2d135.80796207667134!3d34.893792972851706!2m3!1f0!2f0!3f0!3m2!1i1024!2i768!4f13.1!3m3!1m2!1s0x60011174dd33b2e3%3A0x11bce797548e7938!2z5a6H5rK75biC5rqQ5rCP54mp6Kqe44Of44Ol44O844K444Ki44Og!5e0!3m2!1sja!2sjp!4v1730869200148!5m2!1sja!2sjp"" width=""800"" height=""600"" style=""border:0;"" allowfullscreen="""" loading=""lazy"" referrerpolicy=""no-referrer-when-downgrade""></iframe>",京都府,〒611-0021 京都府宇治市宇治東内４５−２６,博物館,null,FALSE
49,渡月橋,渡月橋は、京都嵐山にある風情豊かな木造の橋で、四季折々の美しい景観と共に多くの観光客に親しまれています。,渡月橋は、京都市嵐山にある象徴的な木造の橋で、大堰川に架かる全長155メートルの優美な姿が特徴です。平安時代に初めて架けられ、鎌倉時代の亀山上皇が「月が橋を渡るようだ」と称賛したことから「渡月橋」と名付けられたと伝えられています。春には桜、秋には紅葉が川面に映り、特に観光シーズンには国内外から多くの訪問者が集まります。嵐山の自然と調和した景観美が魅力で、周辺には竹林の道や寺社があり、嵐山エリア全体が風情ある散策スポットとして親しまれています。,https://ja.kyoto.travel/tourism/single01.php?category_id=8&tourism_id=2682,"<iframe src=""https://www.google.com/maps/embed?pb=!1m18!1m12!1m3!1d3267.7534323572936!2d135.67519987667512!3d35.01287687281036!2m3!1f0!2f0!3f0!3m2!1i1024!2i768!4f13.1!3m3!1m2!1s0x6001075300916977%3A0xec14f8e82496283d!2z5rih5pyI5qmL!5e0!3m2!1sja!2sjp!4v1730869405765!5m2!1sja!2sjp"" width=""800"" height=""600"" style=""border:0;"" allowfullscreen="""" loading=""lazy"" referrerpolicy=""no-referrer-when-downgrade""></iframe>",京都府,〒616-8384 京都府京都市右京区嵯峨天龍寺芒ノ馬場町１−５,建築,null,FALSE
50,天龍寺,天龍寺は、京都嵐山にある禅寺で、見事な枯山水庭園と歴史的建造物が特徴の、世界遺産に登録された名刹です。,天龍寺は、京都嵐山にある臨済宗天龍寺派の大本山で、1339年に足利尊氏が後醍醐天皇の冥福を祈るために創建した歴史ある禅寺です。境内には、夢窓疎石が作庭した見事な「曹源池庭園」が広がり、池を中心に嵐山や亀山を借景とした枯山水庭園は、四季折々の美しさを楽しめる名所です。この庭園は「世界文化遺産」にも登録されており、日本の伝統的な庭園美を象徴しています。また、法堂には雲龍図が描かれ、禅の世界を体感できることから多くの参拝者や観光客が訪れます。静寂の中で歴史と自然の調和を味わえる京都の名刹です。,https://www.tenryuji.com/,"<iframe src=""https://www.google.com/maps/embed?pb=!1m18!1m12!1m3!1d6535.270247917348!2d135.6711904766753!3d35.01583787280933!2m3!1f0!2f0!3f0!3m2!1i1024!2i768!4f13.1!3m3!1m2!1s0x6001aa01b80f9e93%3A0xcd9c3edaff3348c0!2z5aSp6b6N5a-6!5e0!3m2!1sja!2sjp!4v1730869449636!5m2!1sja!2sjp"" width=""800"" height=""600"" style=""border:0;"" allowfullscreen="""" loading=""lazy"" referrerpolicy=""no-referrer-when-downgrade""></iframe>",京都府,〒616-8385 京都府京都市右京区嵯峨天龍寺芒ノ馬場町６８,お寺,null,FALSE
